Feature,Coefficient
AT,-1.985899694775559
V,-0.2320935774843288
AP,0.06219990930921764
RH,-0.15811778688536796
